Symbol,Sector,Industry,,,
3IN.l,Finance,Investment managers,,,
4GBL.l,Technology services,Information technology services,,,
88E.l,Energy minerals,Integrated oil,,,
AAF.l,Communications,Wireless telecommunications,,,
AAIF.l,Miscellaneous,Investment trusts/Mutual funds,,,
AAS.l,Miscellaneous,Investment trusts/Mutual funds,,,
AAU.l,Non-energy minerals,Precious metals,,,
AAZ.l,Non-energy minerals,Precious metals,,,
ABDN.l,Finance,Investment managers,,,
ABDP.l,Electronic technology,Electronic equipment/Instruments,,,
ABDX.l,Health technology,Medical specialties,,,
ABF.l,Consumer non-durables,Food: major diversified,,,
ACRM.l,Technology services,Packaged software,,,
ACSO.l,Technology services,Packaged software,,,
ADF.l,Finance,Finance/Rental/Leasing,,,
ADIG.l,Miscellaneous,Investment trusts/Mutual funds,,,
ADVT.l,Finance,Investment managers,,,
AET.l,Energy minerals,Oil & gas production,,,
AEWU.l,Finance,Real estate investment trusts,,,
AFC.l,Electronic technology,Electronic production equipment,,,
AFN.l,Technology services,Data processing services,,,
AGFX.l,Finance,Investment banks/Brokers,,,
AGT.l,Miscellaneous,Investment trusts/Mutual funds,,,
AIE.l,Miscellaneous,Investment trusts/Mutual funds,,,
AIEA.l,Consumer durables,Home furnishings,,,
AJB.l,Finance,Investment managers,,,
AJOT.l,Miscellaneous,Investment trusts/Mutual funds,,,
ALBA.l,Non-energy minerals,Precious metals,,,
ALFA.l,Technology services,Packaged software,,,
ALPH.l,Finance,Regional banks,,,
ALU.l,Producer manufacturing,Building products,,,
AML.l,Consumer durables,Motor vehicles,,,
AMRQ.l,Non-energy minerals,Precious metals,,,
ANCR.l,Health technology,Pharmaceuticals: other,,,
ANG.l,Retail trade,Specialty stores,,,
ANGS.l,Energy minerals,Oil & gas production,,,
ANIC.l,Finance,Investment managers,,,
ANII.l,Miscellaneous,Investment trusts/Mutual funds,,,
ANP.l,Process industries,Agricultural commodities/Milling,,,
ANTO.l,Non-energy minerals,Other metals/Minerals,,,
APAX.l,Finance,Investment managers,,,
APTA.l,Health technology,Biotechnology,,,
APTD.l,Technology services,Packaged software,,,
AQX.l,Finance,Investment banks/Brokers,,,
ARGO.l,Finance,Investment managers,,,
ARK.l,Non-energy minerals,Other metals/Minerals,,,
ARS.l,Non-energy minerals,Other metals/Minerals,,,
ARV.l,Non-energy minerals,Precious metals,,,
ASCL.l,Commercial services,Miscellaneous commercial services,,,
ASHM.l,Finance,Investment managers,,,
ASL.l,Miscellaneous,Investment trusts/Mutual funds,,,
ASLI.l,Finance,Real estate investment trusts,,,
AST.l,Energy minerals,Oil & gas production,,,
ASTO.l,Finance,Investment managers,,,
ASY.l,Industrial services,Engineering & construction,,,
ATG.l,Technology services,Internet software/Services,,,
ATM.l,Non-energy minerals,Other metals/Minerals,,,
ATST.l,Miscellaneous,Investment trusts/Mutual funds,,,
ATT.l,Miscellaneous,Investment trusts/Mutual funds,,,
AUK.l,Industrial services,Engineering & construction,,,
AUSC.l,Miscellaneous,Investment trusts/Mutual funds,,,
AUTG.l,Producer manufacturing,Auto parts: OEM,,,
AUTO.l,Technology services,Internet software/Services,,,
AVCT.l,Commercial services,Miscellaneous commercial services,,,
AVG.l,Producer manufacturing,Industrial machinery,,,
AVON.l,Health technology,Medical specialties,,,
AYM.l,Non-energy minerals,Other metals/Minerals,,,
B90.l,Consumer services,Movies/Entertainment,,,
BAG.l,Consumer non-durables,Beverages: non-alcoholic,,,
BAKK.l,Consumer non-durables,Food: specialty/candy,,,
BARC.l,Finance,Investment banks/Brokers,,,
BASC.l,Miscellaneous,Investment trusts/Mutual funds,,,
BATS.l,Consumer non-durables,Tobacco,,,
BBB.l,Communications,Specialty telecommunications,,,
BBOX.l,Miscellaneous,Investment trusts/Mutual funds,,,
BBSN.l,Commercial services,Advertising/Marketing services,,,
BCPT.l,Finance,Real estate investment trusts,,,
BDEV.l,Consumer durables,Homebuilding,,,
BEG.l,Commercial services,Miscellaneous commercial services,,,
BEM.l,Non-energy minerals,Precious metals,,,
BERI.l,Miscellaneous,Investment trusts/Mutual funds,,,
BEZ.l,Finance,Multi-line insurance,,,
BGCG.l,Miscellaneous,Investment trusts/Mutual funds,,,
BGEO.l,Finance,Major banks,,,
BGEU.l,Miscellaneous,Investment trusts/Mutual funds,,,
BGFD.l,Miscellaneous,Investment trusts/Mutual funds,,,
BGO.l,Technology services,Packaged software,,,
BGUK.l,Miscellaneous,Investment trusts/Mutual funds,,,
BHL.l,Non-energy minerals,Other metals/Minerals,,,
BHMG.l,Miscellaneous,Investment trusts/Mutual funds,,,
BIG.l,Electronic technology,Computer communications,,,
BILN.l,Industrial services,Engineering & construction,,,
BIOG.l,Miscellaneous,Investment trusts/Mutual funds,,,
BIOM.l,Producer manufacturing,Miscellaneous manufacturing,,,
BIPS.l,Miscellaneous,Investment trusts/Mutual funds,,,
BKG.l,Finance,Real estate development,,,
BKS.l,Technology services,Data processing services,,,
BLOE.l,Energy minerals,Oil & gas production,,,
BLU.l,Finance,Financial conglomerates,,,
BNKR.l,Miscellaneous,Investment trusts/Mutual funds,,,
BNZL.l,Distribution services,Wholesale distributors,,,
BOD.l,Non-energy minerals,Other metals/Minerals,,,
BOKU.l,Technology services,Packaged software,,,
BOO.l,Retail trade,Apparel/Footwear retail,,,
BOR.l,Energy minerals,Oil & gas production,,,
BOY.l,Electronic technology,Aerospace & defense,,,
BPM.l,Finance,Investment managers,,,
BRBY.l,Consumer non-durables,Apparel/Footwear,,,
BRCK.l,Distribution services,Wholesale distributors,,,
BREE.l,Non-energy minerals,Construction materials,,,
BRFI.l,Miscellaneous,Investment trusts/Mutual funds,,,
BRGE.l,Miscellaneous,Investment trusts/Mutual funds,,,
BRK.l,Finance,Investment managers,,,
BRLA.l,Miscellaneous,Investment trusts/Mutual funds,,,
BRSA.l,Miscellaneous,Investment trusts/Mutual funds,,,
BRSC.l,Miscellaneous,Investment trusts/Mutual funds,,,
BRWM.l,Miscellaneous,Investment trusts/Mutual funds,,,
BSIF.l,Miscellaneous,Investment trusts/Mutual funds,,,
BUT.l,Miscellaneous,Investment trusts/Mutual funds,,,
BVIC.l,Consumer non-durables,Beverages: non-alcoholic,,,
BVXP.l,Commercial services,Miscellaneous commercial services,,,
BWNG.l,Retail trade,Apparel/Footwear retail,,,
BWY.l,Consumer durables,Homebuilding,,,
BYG.l,Finance,Real estate investment trusts,,,
BYIT.l,Technology services,Information technology services,,,
BZT.l,Non-energy minerals,Precious metals,,,
CABP.l,Finance,Regional banks,,,
CAPD.l,Industrial services,Engineering & construction,,,
CASP.l,Energy minerals,Oil & gas production,,,
CAV.l,Finance,Investment banks/Brokers,,,
CBOX.l,Consumer non-durables,Food: specialty/candy,,,
CCC.l,Technology services,Information technology services,,,
CCH.l,Consumer non-durables,Beverages: non-alcoholic,,,
CCJI.l,Miscellaneous,Investment trusts/Mutual funds,,,
CCR.l,Consumer non-durables,Beverages: alcoholic,,,
CDGP.l,Consumer non-durables,Beverages: alcoholic,,,
CEL.l,Process industries,Agricultural commodities/Milling,,,
CER.l,Technology services,Packaged software,,,
CEY.l,Non-energy minerals,Precious metals,,,
CGNR.l,Non-energy minerals,Precious metals,,,
CGT.l,Miscellaneous,Investment trusts/Mutual funds,,,
CHAR.l,Energy minerals,Oil & gas production,,,
CHG.l,Electronic technology,Aerospace & defense,,,
CHRT.l,Electronic technology,Aerospace & defense,,,
CHRY.l,Finance,Investment managers,,,
CIC.l,Miscellaneous,Investment trusts/Mutual funds,,,
CKN.l,Transportation,Marine shipping,,,
CKT.l,Technology services,Packaged software,,,
CLA.l,Non-energy minerals,Other metals/Minerals,,,
CLBS.l,Technology services,Packaged software,,,
CLDN.l,Miscellaneous,Investment trusts/Mutual funds,,,
CLIG.l,Miscellaneous,Investment trusts/Mutual funds,,,
CLON.l,Non-energy minerals,Precious metals,,,
CMCX.l,Finance,Investment banks/Brokers,,,
CMO.l,Retail trade,Internet retail,,,
CNE.l,Energy minerals,Oil & gas production,,,
CNR.l,Non-energy minerals,Precious metals,,,
COA.l,Process industries,Textiles,,,
CODE.l,Commercial services,Miscellaneous commercial services,,,
COG.l,Technology services,Packaged software,,,
CORA.l,Non-energy minerals,Precious metals,,,
CPG.l,Consumer services,Restaurants,,,
CPH2.l,Industrial services,Oilfield services/Equipment,,,
CPI.l,Commercial services,Miscellaneous commercial services,,,
CPX.l,Electronic technology,Electronic components,,,
CRCL.l,Non-energy minerals,Other metals/Minerals,,,
CRDA.l,Process industries,Chemicals: specialty,,,
CREI.l,Finance,Real estate investment trusts,,,
CREO.l,Health technology,Medical specialties,,,
CRPR.l,Process industries,Containers/Packaging,,,
CRST.l,Consumer durables,Homebuilding,,,
CRW.l,Technology services,Packaged software,,,
CSN.l,Finance,Multi-line insurance,,,
CSSG.l,Electronic technology,Aerospace & defense,,,
CTAI.l,Commercial services,Commercial printing/Forms,,,
CTL.l,Non-energy minerals,Other metals/Minerals,,,
CTPE.l,Finance,Investment managers,,,
CTUK.l,Miscellaneous,Investment trusts/Mutual funds,,,
CTY.l,Finance,Financial conglomerates,,,
CURY.l,Distribution services,Wholesale distributors,,,
CUSN.l,Non-energy minerals,Other metals/Minerals,,,
CVCG.l,Miscellaneous,Investment trusts/Mutual funds,,,
CVSG.l,Health services,Hospital/Nursing management,,,
CWR.l,Electronic technology,Electronic production equipment,,,
CYAN.l,Electronic technology,Telecommunications equipment,,,
DBOX.l,Commercial services,Commercial printing/Forms,,,
DCC.l,Utilities,Gas distributors,,,
DCTA.l,Producer manufacturing,Electrical products,,,
DELT.l,Miscellaneous,Investment trusts/Mutual funds,,,
DEMG.l,Health technology,Medical specialties,,,
DEVO.l,Technology services,Packaged software,,,
DGE.l,Consumer non-durables,Beverages: alcoholic,,,
DGI9.l,Miscellaneous,Investment trusts/Mutual funds,,,
DGN.l,Miscellaneous,Investment trusts/Mutual funds,,,
DLAR.l,Commercial services,Commercial printing/Forms,,,
DNLM.l,Retail trade,Specialty stores,,,
DNM.l,Commercial services,Advertising/Marketing services,,,
DOTD.l,Technology services,Packaged software,,,
DPLM.l,Distribution services,Wholesale distributors,,,
DPP.l,Consumer services,Restaurants,,,
DRX.l,Utilities,Electric utilities,,,
DSCV.l,Producer manufacturing,Electrical products,,,
DSG.l,Technology services,Packaged software,,,
DSW.l,Finance,Financial conglomerates,,,
DUKE.l,Miscellaneous,Investment trusts/Mutual funds,,,
DWHA.l,Electronic technology,Electronic equipment/Instruments,,,
DWHT.l,Electronic technology,Electronic equipment/Instruments,,,
DWL.l,Producer manufacturing,Auto parts: OEM,,,
DXRX.l,Health technology,Biotechnology,,,
EAAS.l,Industrial services,Engineering & construction,,,
EAH.l,Health technology,Pharmaceuticals: major,,,
EBOX.l,Miscellaneous,Investment trusts/Mutual funds,,,
EBQ.l,Commercial services,Miscellaneous commercial services,,,
ECEL.l,Producer manufacturing,Miscellaneous manufacturing,,,
ECOB.l,Consumer durables,Homebuilding,,,
EDIN.l,Miscellaneous,Investment trusts/Mutual funds,,,
EEE.l,Non-energy minerals,Precious metals,,,
EGL.l,Miscellaneous,Investment trusts/Mutual funds,,,
EKF.l,Health technology,Medical specialties,,,
ELCO.l,Technology services,Packaged software,,,
ELIX.l,Commercial services,Miscellaneous commercial services,,,
ELM.l,Process industries,Chemicals: specialty,,,
EMG.l,Finance,Investment managers,,,
EMH.l,Non-energy minerals,Steel,,,
ENET.l,Electronic technology,Semiconductors,,,
ENOG.l,Energy minerals,Oil & gas production,,,
ENQ.l,Energy minerals,Oil & gas production,,,
ENSI.l,Electronic technology,Semiconductors,,,
EPWN.l,Non-energy minerals,Construction materials,,,
ESCT.l,Miscellaneous,Investment trusts/Mutual funds,,,
ESO.l,Finance,Investment managers,,,
ESYS.l,Technology services,Information technology services,,,
EXPN.l,Commercial services,Miscellaneous commercial services,,,
FARN.l,Health technology,Pharmaceuticals: major,,,
FCIT.l,Miscellaneous,Investment trusts/Mutual funds,,,
FCSS.l,Miscellaneous,Investment trusts/Mutual funds,,,
FDBK.l,Technology services,Packaged software,,,
FEML.l,Miscellaneous,Investment trusts/Mutual funds,,,
FEN.l,Finance,Investment managers,,,
FEV.l,Miscellaneous,Investment trusts/Mutual funds,,,
FEVR.l,Consumer non-durables,Beverages: non-alcoholic,,,
FGP.l,Transportation,Other transportation,,,
FGT.l,Miscellaneous,Investment trusts/Mutual funds,,,
FIN.l,Retail trade,Specialty stores,,,
FIPP.l,Commercial services,Miscellaneous commercial services,,,
FJV.l,Miscellaneous,Investment trusts/Mutual funds,,,
FME.l,Non-energy minerals,Precious metals,,,
FNTL.l,Commercial services,Miscellaneous commercial services,,,
FOG.l,Energy minerals,Oil & gas production,,,
FORT.l,Non-energy minerals,Construction materials,,,
FOXT.l,Finance,Real estate development,,,
FRAN.l,Commercial services,Miscellaneous commercial services,,,
FRAS.l,Retail trade,Specialty stores,,,
FRG.l,Non-energy minerals,Precious metals,,,
FRP.l,Commercial services,Miscellaneous commercial services,,,
FSFL.l,Miscellaneous,Investment trusts/Mutual funds,,,
FSG.l,Finance,Investment managers,,,
FSJ.l,Transportation,Marine shipping,,,
FUTR.l,Consumer services,Publishing: books/magazines,,,
FXPO.l,Non-energy minerals,Steel,,,
G4M.l,Retail trade,Electronics/Appliance stores,,,
GABI.l,Miscellaneous,Investment trusts/Mutual funds,,,
GAMA.l,Communications,Major telecommunications,,,
GATC.l,Commercial services,Personnel services,,,
GAW.l,Consumer durables,Recreational products,,,
GBG.l,Technology services,Packaged software,,,
GBP.l,Energy minerals,Integrated oil,,,
GCM.l,Energy minerals,Coal,,,
GCP.l,Finance,Investment managers,,,
GDP.l,Non-energy minerals,Precious metals,,,
GDR.l,Health technology,Medical specialties,,,
GDWN.l,Producer manufacturing,Industrial machinery,,,
GELN.l,Producer manufacturing,Electrical products,,,
GETB.l,Technology services,Packaged software,,,
GFIN.l,Technology services,Internet software/Services,,,
GFM.l,Non-energy minerals,Precious metals,,,
GFRD.l,Industrial services,Engineering & construction,,,
GFTU.l,Retail trade,Home improvement chains,,,
GGP.l,Non-energy minerals,Precious metals,,,
GLEN.l,Distribution services,Wholesale distributors,,,
GMR.l,Technology services,Packaged software,,,
GNC.l,Consumer non-durables,Food: specialty/candy,,,
GOT.l,Miscellaneous,Investment trusts/Mutual funds,,,
GPE.l,Finance,Real estate investment trusts,,,
GRG.l,Consumer non-durables,Food: specialty/candy,,,
GROC.l,Non-energy minerals,Precious metals,,,
GSCT.l,Miscellaneous,Investment trusts/Mutual funds,,,
GSF.l,Miscellaneous,Investment trusts/Mutual funds,,,
GTC.l,Electronic technology,Electronic equipment/Instruments,,,
GTLY.l,Commercial services,Miscellaneous commercial services,,,
GUN.l,Health technology,Pharmaceuticals: other,,,
GWMO.l,Non-energy minerals,Precious metals,,,
GYM.l,Consumer services,Other consumer services,,,
HAT.l,Finance,Finance/Rental/Leasing,,,
HAYD.l,Process industries,Chemicals: specialty,,,
HBR.l,Energy minerals,Oil & gas production,,,
HDD.l,Process industries,Industrial specialties,,,
HE1.l,Energy minerals,Oil & gas production,,,
HEAD.l,Distribution services,Wholesale distributors,,,
HET.l,Miscellaneous,Investment trusts/Mutual funds,,,
HEX.l,Non-energy minerals,Other metals/Minerals,,,
HFD.l,Retail trade,Specialty stores,,,
HFG.l,Consumer non-durables,Food: meat/fish/dairy,,,
HGT.l,Finance,Investment managers,,,
HHI.l,Miscellaneous,Investment trusts/Mutual funds,,,
HICL.l,Finance,Investment managers,,,
HILS.l,Producer manufacturing,Miscellaneous manufacturing,,,
HINT.l,Miscellaneous,Investment trusts/Mutual funds,,,
HLCL.l,Finance,Real estate development,,,
HLMA.l,Electronic technology,Electronic equipment/Instruments,,,
HMI.l,Process industries,Chemicals: agricultural,,,
HMSO.l,Finance,Real estate investment trusts,,,
HOC.l,Non-energy minerals,Precious metals,,,
HOT.l,Miscellaneous,Investment trusts/Mutual funds,,,
HRN.l,Consumer durables,Recreational products,,,
HSBA.l,Finance,Major banks,,,
HSL.l,Miscellaneous,Investment trusts/Mutual funds,,,
HSP.l,Commercial services,Miscellaneous commercial services,,,
HSS.l,Finance,Finance/Rental/Leasing,,,
HSX.l,Finance,Multi-line insurance,,,
HTG.l,Industrial services,Oilfield services/Equipment,,,
HTWS.l,Communications,Specialty telecommunications,,,
HUD.l,Electronic technology,Electronic equipment/Instruments,,,
HUW.l,Finance,Insurance brokers/Services,,,
HVO.l,Commercial services,Miscellaneous commercial services,,,
HVPE.l,Finance,Investment managers,,,
HWDN.l,Consumer durables,Electronics/Appliances,,,
HWG.l,Finance,Real estate development,,,
I3E.l,Energy minerals,Oil & gas production,,,
IBST.l,Non-energy minerals,Construction materials,,,
IBT.l,Miscellaneous,Investment trusts/Mutual funds,,,
ICGT.l,Finance,Investment managers,,,
IDOX.l,Technology services,Packaged software,,,
IDS.l,Transportation,Air freight/Couriers,,,
IEM.l,Miscellaneous,Investment trusts/Mutual funds,,,
IES.l,Producer manufacturing,Electrical products,,,
IGG.l,Finance,Investment banks/Brokers,,,
IGP.l,Technology services,Packaged software,,,
IHC.l,Health technology,Medical specialties,,,
IHR.l,Finance,Real estate investment trusts,,,
IKA.l,Producer manufacturing,Electrical products,,,
IMB.l,Consumer non-durables,Tobacco,,,
IMI.l,Producer manufacturing,Industrial machinery,,,
IMM.l,Health technology,Pharmaceuticals: other,,,
INCH.l,Distribution services,Wholesale distributors,,,
INF.l,Technology services,Internet software/Services,,,
INHC.l,Technology services,Packaged software,,,
INPP.l,Finance,Investment managers,,,
INVP.l,Finance,Investment banks/Brokers,,,
IOF.l,Process industries,Chemicals: specialty,,,
IOM.l,Technology services,Data processing services,,,
IPF.l,Finance,Finance/Rental/Leasing,,,
IPU.l,Miscellaneous,Investment trusts/Mutual funds,,,
IQE.l,Producer manufacturing,Industrial machinery,,,
ITH.l,Energy minerals,Integrated oil,,,
ITIM.l,Technology services,Information technology services,,,
ITRK.l,Commercial services,Miscellaneous commercial services,,,
ITV.l,Consumer services,Movies/Entertainment,,,
IUG.l,Technology services,Packaged software,,,
IWG.l,Commercial services,Miscellaneous commercial services,,,
IXI.l,Commercial services,Miscellaneous commercial services,,,
JAGI.l,Miscellaneous,Investment trusts/Mutual funds,,,
JAM.l,Miscellaneous,Investment trusts/Mutual funds,,,
JAN.l,Non-energy minerals,Steel,,,
JARA.l,Miscellaneous,Investment trusts/Mutual funds,,,
JCGI.l,Miscellaneous,Investment trusts/Mutual funds,,,
JCH.l,Miscellaneous,Investment trusts/Mutual funds,,,
JDG.l,Electronic technology,Electronic equipment/Instruments,,,
JDW.l,Consumer services,Restaurants,,,
JEDT.l,Miscellaneous,Investment trusts/Mutual funds,,,
JEGI.l,Miscellaneous,Investment trusts/Mutual funds,,,
JEMI.l,Miscellaneous,Investment trusts/Mutual funds,,,
JET2.l,Consumer services,Other consumer services,,,
JFJ.l,Miscellaneous,Investment trusts/Mutual funds,,,
JGGI.l,Miscellaneous,Investment trusts/Mutual funds,,,
JHD.l,Producer manufacturing,Building products,,,
JII.l,Miscellaneous,Investment trusts/Mutual funds,,,
JIM.l,Finance,Investment banks/Brokers,,,
JLP.l,Non-energy minerals,Other metals/Minerals,,,
JMAT.l,Process industries,Chemicals: major diversified,,,
JMG.l,Miscellaneous,Investment trusts/Mutual funds,,,
JNEO.l,Electronic technology,Computer communications,,,
JOG.l,Energy minerals,Oil & gas production,,,
JSG.l,Commercial services,Miscellaneous commercial services,,,
JSGI.l,Miscellaneous,Investment trusts/Mutual funds,,,
JTC.l,Finance,Investment managers,,,
JUGI.l,Miscellaneous,Investment trusts/Mutual funds,,,
JUP.l,Miscellaneous,Investment trusts/Mutual funds,,,
JUSC.l,Miscellaneous,Investment trusts/Mutual funds,,,
JWNG.l,Commercial services,Advertising/Marketing services,,,
KAT.l,Non-energy minerals,Precious metals,,,
KDNC.l,Non-energy minerals,Other metals/Minerals,,,
KDR.l,Non-energy minerals,Other metals/Minerals,,,
KEFI.l,Non-energy minerals,Precious metals,,,
KETL.l,Electronic technology,Electronic equipment/Instruments,,,
KGF.l,Retail trade,Home improvement chains,,,
KINO.l,Industrial services,Engineering & construction,,,
KIST.l,Energy minerals,Oil & gas production,,,
KITW.l,Distribution services,Food distributors,,,
KLR.l,Industrial services,Engineering & construction,,,
KMK.l,Health technology,Medical specialties,,,
KMR.l,Non-energy minerals,Other metals/Minerals,,,
KNOS.l,Technology services,Information technology services,,,
KOO.l,Health services,Medical/Nursing services,,,
KP2.l,Non-energy minerals,Other metals/Minerals,,,
KPC.l,Miscellaneous,Investment trusts/Mutual funds,,,
KRS.l,Non-energy minerals,Precious metals,,,
KWS.l,Commercial services,Miscellaneous commercial services,,,
KZG.l,Non-energy minerals,Other metals/Minerals,,,
LABS.l,Finance,Real estate investment trusts,,,
LBG.l,Commercial services,Commercial printing/Forms,,,
LDG.l,Transportation,Air freight/Couriers,,,
LEX.l,Non-energy minerals,Precious metals,,,
LGEN.l,Finance,Multi-line insurance,,,
LGRS.l,Consumer services,Restaurants,,,
LIFS.l,Finance,Financial conglomerates,,,
LIKE.l,Distribution services,Wholesale distributors,,,
LINV.l,Finance,Finance/Rental/Leasing,,,
LIO.l,Finance,Investment managers,,,
LLA.l,Health services,Medical/Nursing services,,,
LLAI.l,Health services,Medical/Nursing services,,,
LLOY.l,Finance,Major banks,,,
LMP.l,Finance,Real estate investment trusts,,,
LORD.l,Distribution services,Wholesale distributors,,,
LSEG.l,Technology services,Internet software/Services,,,
LSL.l,Finance,Real estate development,,,
LST.l,Technology services,Information technology services,,,
LTG.l,Technology services,Packaged software,,,
LTHM.l,Distribution services,Wholesale distributors,,,
LTI.l,Miscellaneous,Investment trusts/Mutual funds,,,
LUCE.l,Electronic technology,Electronic equipment/Instruments,,,
LWDB.l,Miscellaneous,Investment trusts/Mutual funds,,,
LWI.l,Miscellaneous,Investment trusts/Mutual funds,,,
MAB.l,Consumer services,Restaurants,,,
MAB1.l,Finance,Finance/Rental/Leasing,,,
MACF.l,Producer manufacturing,Miscellaneous manufacturing,,,
MAFL.l,Finance,Financial conglomerates,,,
MAI.l,Technology services,Information technology services,,,
MAJE.l,Miscellaneous,Investment trusts/Mutual funds,,,
MANO.l,Finance,Finance/Rental/Leasing,,,
MARS.l,Consumer services,Restaurants,,,
MATD.l,Energy minerals,Oil & gas production,,,
MBH.l,Non-energy minerals,Construction materials,,,
MBO.l,Technology services,Internet software/Services,,,
MBT.l,Commercial services,Miscellaneous commercial services,,,
MCG.l,Transportation,Other transportation,,,
MCT.l,Miscellaneous,Investment trusts/Mutual funds,,,
MDZ.l,Electronic technology,Electronic production equipment,,,
MEGP.l,Retail trade,Specialty stores,,,
MER.l,Consumer durables,Homebuilding,,,
MET1.l,Non-energy minerals,Precious metals,,,
MEX.l,Consumer services,Restaurants,,,
MFAI.l,Finance,Investment managers,,,
MFX.l,Finance,Regional banks,,,
MGAM.l,Process industries,Industrial specialties,,,
MGNS.l,Industrial services,Engineering & construction,,,
MHC.l,Health technology,Medical specialties,,,
MIDW.l,Distribution services,Wholesale distributors,,,
MIRI.l,Commercial services,Advertising/Marketing services,,,
MKA.l,Non-energy minerals,Other metals/Minerals,,,
MKS.l,Retail trade,Department stores,,,
MLVN.l,Consumer services,Other consumer services,,,
MMAG.l,Retail trade,Internet retail,,,
MNDI.l,Process industries,Containers/Packaging,,,
MNKS.l,Miscellaneous,Investment trusts/Mutual funds,,,
MNP.l,Miscellaneous,Investment trusts/Mutual funds,,,
MONY.l,Technology services,Internet software/Services,,,
MOON.l,Technology services,Internet software/Services,,,
MOTR.l,Retail trade,Specialty stores,,,
MPAC.l,Producer manufacturing,Industrial machinery,,,
MPE.l,Process industries,Agricultural commodities/Milling,,,
MPL.l,Transportation,Other transportation,,,
MRCH.l,Miscellaneous,Investment trusts/Mutual funds,,,
MSLH.l,Non-energy minerals,Construction materials,,,
MSMN.l,Energy minerals,Integrated oil,,,
MTE.l,Miscellaneous,Investment trusts/Mutual funds,,,
MTEC.l,Technology services,Data processing services,,,
MTL.l,Non-energy minerals,Precious metals,,,
MTO.l,Commercial services,Miscellaneous commercial services,,,
MTRO.l,Finance,Finance/Rental/Leasing,,,
MTU.l,Miscellaneous,Investment trusts/Mutual funds,,,
MUT.l,Miscellaneous,Investment trusts/Mutual funds,,,
MWE.l,Electronic technology,Telecommunications equipment,,,
MWY.l,Miscellaneous,Investment trusts/Mutual funds,,,
MYX.l,Producer manufacturing,Industrial machinery,,,
N4P.l,Health technology,Biotechnology,,,
N91.l,Finance,Investment managers,,,
NAH.l,Finance,Insurance brokers/Services,,,
NAIT.l,Miscellaneous,Investment trusts/Mutual funds,,,
NAR.l,Distribution services,Electronics distributors,,,
NAS.l,Miscellaneous,Investment trusts/Mutual funds,,,
NBPE.l,Finance,Investment managers,,,
NCYF.l,Miscellaneous,Investment trusts/Mutual funds,,,
NCYT.l,Health technology,Medical specialties,,,
NESF.l,Finance,Investment managers,,,
NEXS.l,Industrial services,Engineering & construction,,,
NICL.l,Consumer non-durables,Beverages: non-alcoholic,,,
NIOX.l,Health services,Medical/Nursing services,,,
NRR.l,Finance,Real estate investment trusts,,,
NTBR.l,Industrial services,Engineering & construction,,,
NTOG.l,Energy minerals,Oil & gas production,,,
NTQ.l,Commercial services,Miscellaneous commercial services,,,
NXQ.l,Consumer durables,Recreational products,,,
NXR.l,Producer manufacturing,Building products,,,
OBD.l,Health technology,Biotechnology,,,
OBI.l,Health technology,Biotechnology,,,
OCDO.l,Retail trade,Food retail,,,
OCN.l,Transportation,Marine shipping,,,
OHT.l,Process industries,Agricultural commodities/Milling,,,
OIG.l,Miscellaneous,Investment trusts/Mutual funds,,,
OMG.l,Electronic technology,Electronic equipment/Instruments,,,
OMIP.l,Consumer services,Movies/Entertainment,,,
ONC.l,Health technology,Biotechnology,,,
OPG.l,Utilities,Electric utilities,,,
OPTI.l,Health technology,Biotechnology,,,
ORIT.l,Miscellaneous,Investment trusts/Mutual funds,,,
ORR.l,Non-energy minerals,Precious metals,,,
OSB.l,Finance,Major banks,,,
OTB.l,Consumer services,Other consumer services,,,
OXB.l,Health technology,Biotechnology,,,
OXIG.l,Electronic technology,Electronic equipment/Instruments,,,
PAF.l,Non-energy minerals,Precious metals,,,
PAGE.l,Commercial services,Personnel services,,,
PANR.l,Energy minerals,Oil & gas production,,,
PAT.l,Non-energy minerals,Precious metals,,,
PBEE.l,Finance,Investment managers,,,
PCA.l,Finance,Real estate development,,,
PCFT.l,Miscellaneous,Investment trusts/Mutual funds,,,
PCGH.l,Miscellaneous,Investment trusts/Mutual funds,,,
PCIP.l,Finance,Regional banks,,,
PCTN.l,Finance,Real estate investment trusts,,,
PDL.l,Non-energy minerals,Other metals/Minerals,,,
PEBB.l,Commercial services,Advertising/Marketing services,,,
PEEL.l,Finance,Regional banks,,,
PGH.l,Finance,Insurance brokers/Services,,,
PHE.l,Utilities,Electric utilities,,,
PHLL.l,Finance,Financial conglomerates,,,
PHNX.l,Finance,Life/Health insurance,,,
PHP.l,Finance,Real estate investment trusts,,,
PHSC.l,Commercial services,Miscellaneous commercial services,,,
PIER.l,Consumer services,Movies/Entertainment,,,
PIP.l,Electronic technology,Electronic equipment/Instruments,,,
PMG.l,Energy minerals,Oil & gas production,,,
PMI.l,Finance,Investment managers,,,
PMP.l,Consumer durables,Home furnishings,,,
PNL.l,Miscellaneous,Investment trusts/Mutual funds,,,
PNN.l,Utilities,Water utilities,,,
POLB.l,Health technology,Pharmaceuticals: major,,,
POLN.l,Finance,Investment managers,,,
POLR.l,Finance,Investment managers,,,
POLX.l,Health technology,Medical specialties,,,
POS.l,Industrial services,Oilfield services/Equipment,,,
POW.l,Non-energy minerals,Other metals/Minerals,,,
PPET.l,Finance,Investment managers,,,
PPS.l,Electronic technology,Electronic production equipment,,,
PREM.l,Non-energy minerals,Other metals/Minerals,,,
PRES.l,Producer manufacturing,Miscellaneous manufacturing,,,
PRSR.l,Finance,Real estate investment trusts,,,
PRV.l,Producer manufacturing,Industrial machinery,,,
PSDL.l,Finance,Real estate development,,,
PSON.l,Consumer services,Publishing: books/magazines,,,
PTAL.l,Energy minerals,Integrated oil,,,
PXC.l,Non-energy minerals,Other metals/Minerals,,,
PXEN.l,Energy minerals,Oil & gas production,,,
PYC.l,Commercial services,Miscellaneous commercial services,,,
QBT.l,Finance,Financial conglomerates,,,
QED.l,Process industries,Industrial specialties,,,
QLT.l,Finance,Investment managers,,,
QTX.l,Distribution services,Electronics distributors,,,
QUIZ.l,Consumer non-durables,Apparel/Footwear,,,
RAI.l,Commercial services,Miscellaneous commercial services,,,
RBD.l,Energy minerals,Oil & gas production,,,
RBGP.l,Commercial services,Miscellaneous commercial services,,,
RBN.l,Producer manufacturing,Miscellaneous manufacturing,,,
RCDO.l,Commercial services,Miscellaneous commercial services,,,
RCN.l,Technology services,Information technology services,,,
RCP.l,Miscellaneous,Investment trusts/Mutual funds,,,
RDT.l,Technology services,Packaged software,,,
REAT.l,Consumer services,Movies/Entertainment,,,
RECI.l,Miscellaneous,Investment trusts/Mutual funds,,,
REL.l,Commercial services,Miscellaneous commercial services,,,
RENX.l,Technology services,Packaged software,,,
RESI.l,Finance,Real estate investment trusts,,,
RFX.l,Finance,Regional banks,,,
RGL.l,Miscellaneous,Investment trusts/Mutual funds,,,
RHIM.l,Non-energy minerals,Other metals/Minerals,,,
RICA.l,Miscellaneous,Investment trusts/Mutual funds,,,
RIII.l,Miscellaneous,Investment trusts/Mutual funds,,,
RKH.l,Energy minerals,Oil & gas production,,,
RLE.l,Finance,Real estate investment trusts,,,
RMII.l,Miscellaneous,Investment trusts/Mutual funds,,,
RMV.l,Finance,Real estate development,,,
RNK.l,Consumer services,Movies/Entertainment,,,
RNO.l,Producer manufacturing,Industrial machinery,,,
RNWH.l,Industrial services,Engineering & construction,,,
ROR.l,Producer manufacturing,Industrial machinery,,,
RPI.l,Electronic technology,Computer processing hardware,,,
RS1.l,Distribution services,Wholesale distributors,,,
RSE.l,Finance,Investment managers,,,
RST.l,Commercial services,Miscellaneous commercial services,,,
RSW.l,Producer manufacturing,Industrial machinery,,,
RWA.l,Commercial services,Personnel services,,,
RWI.l,Industrial services,Environmental services,,,
RWS.l,Commercial services,Miscellaneous commercial services,,,
SAAS.l,Technology services,Packaged software,,,
SAE.l,Utilities,Electric utilities,,,
SAG.l,Commercial services,Miscellaneous commercial services,,,
SAGA.l,Consumer services,Other consumer services,,,
SAIN.l,Miscellaneous,Investment trusts/Mutual funds,,,
SAL.l,Commercial services,Advertising/Marketing services,,,
SALT.l,Process industries,Chemicals: specialty,,,
SAV.l,Non-energy minerals,Other metals/Minerals,,,
SBDS.l,Commercial services,Miscellaneous commercial services,,,
SBRE.l,Finance,Property/Casualty insurance,,,
SBRY.l,Retail trade,Food retail,,,
SBTX.l,Health technology,Pharmaceuticals: other,,,
SCE.l,Producer manufacturing,Auto parts: OEM,,,
SCLP.l,Health technology,Biotechnology,,,
SCP.l,Miscellaneous,Investment trusts/Mutual funds,,,
SCT.l,Technology services,Information technology services,,,
SDI.l,Electronic technology,Electronic equipment/Instruments,,,
SDR.l,Finance,Investment managers,,,
SDX.l,Energy minerals,Oil & gas production,,,
SEEN.l,Technology services,Packaged software,,,
SENX.l,Energy minerals,Oil & gas production,,,
SEQI.l,Miscellaneous,Investment trusts/Mutual funds,,,
SERE.l,Finance,Real estate investment trusts,,,
SFR.l,Industrial services,Engineering & construction,,,
SGE.l,Technology services,Packaged software,,,
SGRO.l,Finance,Real estate investment trusts,,,
SHED.l,Finance,Real estate investment trusts,,,
SHI.l,Distribution services,Wholesale distributors,,,
SHOE.l,Consumer non-durables,Apparel/Footwear,,,
SHRS.l,Miscellaneous,Investment trusts/Mutual funds,,,
SIS.l,Consumer non-durables,Household/Personal care,,,
SJG.l,Miscellaneous,Investment trusts/Mutual funds,,,
SKA.l,Non-energy minerals,Other metals/Minerals,,,
SKL.l,Commercial services,Miscellaneous commercial services,,,
SMDS.l,Process industries,Containers/Packaging,,,
SMIF.l,Miscellaneous,Investment trusts/Mutual funds,,,
SML.l,Non-energy minerals,Steel,,,
SMT.l,Miscellaneous,Investment trusts/Mutual funds,,,
SMWH.l,Retail trade,Food retail,,,
SNR.l,Electronic technology,Aerospace & defense,,,
SNWS.l,Distribution services,Wholesale distributors,,,
SOI.l,Miscellaneous,Investment trusts/Mutual funds,,,
SOLI.l,Distribution services,Electronics distributors,,,
SOU.l,Energy minerals,Oil & gas production,,,
SOUC.l,Energy minerals,Integrated oil,,,
SPA.l,Technology services,Internet software/Services,,,
SPEC.l,Health technology,Medical specialties,,,
SPSY.l,Electronic technology,Computer peripherals,,,
SQZ.l,Energy minerals,Oil & gas production,,,
SRB.l,Non-energy minerals,Precious metals,,,
SRC.l,Non-energy minerals,Construction materials,,,
SREI.l,Finance,Real estate investment trusts,,,
SRES.l,Non-energy minerals,Other metals/Minerals,,,
SRP.l,Commercial services,Miscellaneous commercial services,,,
SRT.l,Electronic technology,Telecommunications equipment,,,
SSE.l,Utilities,Electric utilities,,,
SSIT.l,Miscellaneous,Investment trusts/Mutual funds,,,
SSON.l,Miscellaneous,Investment trusts/Mutual funds,,,
SSPG.l,Consumer services,Restaurants,,,
SSTY.l,Consumer services,Hotels/Resorts/Cruise lines,,,
STAN.l,Finance,Major banks,,,
STB.l,Finance,Major banks,,,
STCM.l,Non-energy minerals,Construction materials,,,
STJ.l,Finance,Life/Health insurance,,,
STVG.l,Consumer services,Broadcasting,,,
SUPR.l,Finance,Real estate investment trusts,,,
SUS.l,Finance,Finance/Rental/Leasing,,,
SXS.l,Producer manufacturing,Electrical products,,,
SYN.l,Energy minerals,Oil & gas production,,,
SYNC.l,Miscellaneous,Investment trusts/Mutual funds,,,
SYNT.l,Process industries,Chemicals: specialty,,,
SYS1.l,Commercial services,Miscellaneous commercial services,,,
TAM.l,Finance,Investment managers,,,
TAST.l,Consumer services,Restaurants,,,
TATE.l,Consumer non-durables,Food: specialty/candy,,,
TAVI.l,Finance,Investment managers,,,
TBCG.l,Finance,Major banks,,,
TBLS.l,Technology services,Packaged software,,,
TCAP.l,Finance,Investment banks/Brokers,,,
TCF.l,Health services,Medical/Nursing services,,,
TEK.l,Technology services,Information technology services,,,
TENG.l,Technology services,Internet software/Services,,,
TET.l,Process industries,Chemicals: specialty,,,
TFIF.l,Miscellaneous,Investment trusts/Mutual funds,,,
TFW.l,Producer manufacturing,Electrical products,,,
TGP.l,Producer manufacturing,Electrical products,,,
THRG.l,Miscellaneous,Investment trusts/Mutual funds,,,
THRL.l,Finance,Real estate investment trusts,,,
THRU.l,Electronic technology,Aerospace & defense,,,
THX.l,Non-energy minerals,Precious metals,,,
TIA.l,Technology services,Data processing services,,,
TIDE.l,Technology services,Packaged software,,,
TIFS.l,Producer manufacturing,Auto parts: OEM,,,
TIG.l,Commercial services,Advertising/Marketing services,,,
TLOU.l,Energy minerals,Coal,,,
TLW.l,Energy minerals,Oil & gas production,,,
TLY.l,Health services,Medical/Nursing services,,,
TM17.l,Technology services,Packaged software,,,
TMG.l,Commercial services,Advertising/Marketing services,,,
TMIP.l,Finance,Financial conglomerates,,,
TMPL.l,Miscellaneous,Investment trusts/Mutual funds,,,
TND.l,Consumer durables,Recreational products,,,
TON.l,Producer manufacturing,Building products,,,
TPFG.l,Finance,Real estate development,,,
TPK.l,Retail trade,Home improvement chains,,,
TRAC.l,Electronic technology,Telecommunications equipment,,,
TRB.l,Technology services,Packaged software,,,
TRCS.l,Technology services,Packaged software,,,
TRIG.l,Finance,Investment managers,,,
TRLS.l,Technology services,Internet software/Services,,,
TRY.l,Miscellaneous,Investment trusts/Mutual funds,,,
TST.l,Technology services,Packaged software,,,
TSTL.l,Health technology,Medical specialties,,,
TTG.l,Electronic technology,Electronic components,,,
TUN.l,Non-energy minerals,Precious metals,,,
TUNE.l,Electronic technology,Telecommunications equipment,,,
TYM.l,Non-energy minerals,Other metals/Minerals,,,
UEM.l,Miscellaneous,Investment trusts/Mutual funds,,,
UJO.l,Energy minerals,Oil & gas production,,,
UKOG.l,Energy minerals,Oil & gas production,,,
UKW.l,Finance,Investment managers,,,
ULTP.l,Distribution services,Wholesale distributors,,,
UOG.l,Energy minerals,Oil & gas production,,,
UPR.l,Distribution services,Medical distributors,,,
URU.l,Non-energy minerals,Other metals/Minerals,,,
VANL.l,Industrial services,Engineering & construction,,,
VANQ.l,Finance,Finance/Rental/Leasing,,,
VARE.l,Consumer services,Restaurants,,,
VAST.l,Non-energy minerals,Other metals/Minerals,,,
VCP.l,Consumer durables,Home furnishings,,,
VCT.l,Process industries,Chemicals: major diversified,,,
VEIL.l,Miscellaneous,Investment trusts/Mutual funds,,,
VELA.l,Finance,Financial conglomerates,,,
VIC.l,Retail trade,Home improvement chains,,,
VIP.l,Miscellaneous,Investment trusts/Mutual funds,,,
VLE.l,Consumer non-durables,Food: specialty/candy,,,
VLG.l,Health technology,Pharmaceuticals: major,,,
VLX.l,Producer manufacturing,Electrical products,,,
VNH.l,Miscellaneous,Investment trusts/Mutual funds,,,
VOF.l,Miscellaneous,Investment trusts/Mutual funds,,,
VRCI.l,Health services,Medical/Nursing services,,,
VSL.l,Finance,Finance/Rental/Leasing,,,
VSVS.l,Producer manufacturing,Miscellaneous manufacturing,,,
VTU.l,Retail trade,Specialty stores,,,
VTY.l,Consumer durables,Homebuilding,,,
W7L.l,Distribution services,Medical distributors,,,
WATR.l,Industrial services,Engineering & construction,,,
WBI.l,Non-energy minerals,Forest products,,,
WEB.l,Consumer services,Casinos/Gaming,,,
WEIR.l,Producer manufacturing,Trucks/Construction/Farm machinery,,,
WHI.l,Finance,Investment managers,,,
WINE.l,Consumer non-durables,Beverages: alcoholic,,,
WINK.l,Finance,Real estate development,,,
WIZZ.l,Transportation,Airlines,,,
WJG.l,Consumer durables,Homebuilding,,,
WKOF.l,Miscellaneous,Investment trusts/Mutual funds,,,
WKP.l,Finance,Real estate investment trusts,,,
WNWD.l,Technology services,Data processing services,,,
WOSG.l,Retail trade,Specialty stores,,,
WPHO.l,Electronic technology,Electronic equipment/Instruments,,,
WSBN.l,Non-energy minerals,Precious metals,,,
WSG.l,Transportation,Other transportation,,,
WTAN.l,Miscellaneous,Investment trusts/Mutual funds,,,
WTB.l,Consumer services,Hotels/Resorts/Cruise lines,,,
WTE.l,Finance,Investment managers,,,
WWH.l,Miscellaneous,Investment trusts/Mutual funds,,,
WYN.l,Process industries,Agricultural commodities/Milling,,,
XLM.l,Commercial services,Advertising/Marketing services,,,
XPF.l,Consumer services,Movies/Entertainment,,,
XPS.l,Finance,Investment managers,,,
XSG.l,Producer manufacturing,Industrial machinery,,,
YCA.l,Distribution services,Wholesale distributors,,,
YNGA.l,Consumer services,Restaurants,,,
YNGN.l,Consumer services,Restaurants,,,
ZED.l,Process industries,Industrial specialties,,,
ZIOC.l,Non-energy minerals,Steel,,,
ZNWD.l,Non-energy minerals,Precious metals,,,
ZOO.l,Consumer services,Movies/Entertainment,,,
ZPHR.l,Energy minerals,Oil & gas production,,,
ZTF.l,Process industries,Chemicals: specialty,,,
ZYT,Electronic technology,Computer peripherals,,,